title,placeUrl,website,status,subtitle,rating,reviewCount,category,address,phoneNumber,searchQuery,email,phoneFromWebsite
Healing Hospital- Best Super Speciality Hospital in Chandigarh,https://www.google.com/maps/place/Healing+Hospital-+Best+Super+Speciality+Hospital+in+Chandigarh/data=!4m7!3m6!1s0x390fedae06440b71:0x96f0b99e412a2f99!8m2!3d30.724709!4d76.7686647!16s%2Fg%2F1tdmhw5f!19sChIJcQtEBq7tDzkRmS8qQZ658JY,https://healinghospital.co.in/,Data found,,4.4,1866,Hospital,"16-17-18, 19-20-21-22, Piccadily Rd, Sub. City Center, Sector 34A, Sector 35, Chandigarh, 160022, India",+91 172 508 8883,"https://www.google.com/maps/search/hospitals+in+chandigarh/@30.6964533,76.7291042,11z?entry=ttu",info@healinghospital.co.in,+91 9464343434
Landmark Hospital,https://www.google.com/maps/place/Landmark+Hospital/data=!4m7!3m6!1s0x390fec518e2ffd49:0x74c6668fb5df82a1!8m2!3d30.712328!4d76.7704062!16s%2Fg%2F1tzlxbpp!19sChIJSf0vjlHsDzkRoYLftY9mxnQ,https://landmarkhospital.in/,Data found,,4.0,499,General hospital,"Site No I, II, Sector 33 Market Rd, opp. Terrace Garden, Sector 33C, Sector 33, Chandigarh, 160020, India",+91 172 402 7000,"https://www.google.com/maps/search/hospitals+in+chandigarh/@30.6964533,76.7291042,11z?entry=ttu",landmarkhospital@gmail.com,"(0172 402 7000, 921617070"
Guru Nanak Multispeciality C Hospital,https://www.google.com/maps/place/Guru+Nanak+Multispeciality+C+Hospital/data=!4m7!3m6!1s0x390fedb6cd005d07:0xc5c1b85beb0c5301!8m2!3d30.7255701!4d76.7623332!16s%2Fg%2F1q5bmd1sy!19sChIJB10AzbbtDzkRAVMM61u4wcU,http://chandigarh.gov.in/,Data found,,3.7,11,General hospital,"Dr.P.N.Chhuttani Memorial IMA Complex, 35B, Sector 35, Chandigarh, 160022, India",+91 172 260 1023,"https://www.google.com/maps/search/hospitals+in+chandigarh/@30.6964533,76.7291042,11z?entry=ttu",vigilance-chd@nic.in,8360817378
Santokh Hospital,https://www.google.com/maps/place/Santokh+Hospital/data=!4m7!3m6!1s0x390fedee591d7d53:0xcbb4e5fc949ed282!8m2!3d30.7478309!4d76.7490127!16s%2Fg%2F11ckvvlx8v!19sChIJU30dWe7tDzkRgtKelPzltMs,https://santokhhospital.com/,Data found,,4.7,1335,General hospital,"# 846, Dakshin Marg, Sector 38A, Sector 38, Chandigarh, 160014, India",+91 85588 66846,"https://www.google.com/maps/search/hospitals+in+chandigarh/@30.6964533,76.7291042,11z?entry=ttu",hospital@santokh.in,8 55 88 66 846
Eden Critical Care Hospital,https://www.google.com/maps/place/Eden+Critical+Care+Hospital/data=!4m7!3m6!1s0x390fed0560b331ab:0xbb6e23b29a167746!8m2!3d30.7091127!4d76.8026998!16s%2Fg%2F1z44bd8qh!19sChIJqzGzYAXtDzkRRncWmrIjbrs,http://www.edenhospital.net/,Data found,,3.8,706,General hospital,"116, next to Eden Hospital, opp. Hometel Hotel, Industrial Area Phase 2, Industrial Area Phase I, Chandigarh, 160002, India",+91 172 412 3400,"https://www.google.com/maps/search/hospitals+in+chandigarh/@30.6964533,76.7291042,11z?entry=ttu",edenchd@gmail.com,+91 ‚Äì 172 ‚Äì 4123456
Government Multi Specialty Hospital,https://www.google.com/maps/place/Government+Multi+Specialty+Hospital/data=!4m7!3m6!1s0x390fed9e6aaaaaab:0xb69ac75e920cdba5!8m2!3d30.7515025!4d76.780409!16s%2Fg%2F11dftf21tf!19sChIJq6qqap7tDzkRpdsMkl7HmrY,,No website found,,3.4,441,Government hospital,"Madhya Marg, Sector 16 A, Sector 16, Chandigarh, 160015, India",+91 172 275 2042,"https://www.google.com/maps/search/hospitals+in+chandigarh/@30.6964533,76.7291042,11z?entry=ttu",,
DHARAM HOSPITAL,https://www.google.com/maps/place/DHARAM+HOSPITAL/data=!4m7!3m6!1s0x390fed9b3fffffff:0xe0e216643c1ac722!8m2!3d30.7492297!4d76.7740115!16s%2Fg%2F1vrq80k5!19sChIJ____P5vtDzkRIscaPGQW4uA,https://www.dharamhospital.in/,Data found,,3.9,159,Private hospital,"#2040 sector 15 c, Chandigarh 160015, India",+91 95013 71164,"https://www.google.com/maps/search/hospitals+in+chandigarh/@30.6964533,76.7291042,11z?entry=ttu",dd0a55ccb8124b9c9d938e3acf41f8aa@sentry.wixpress.com,91 95013 71164
ESIC Model Hospital,https://www.google.com/maps/place/ESIC+Model+Hospital/data=!4m7!3m6!1s0x390feb7d07c8944b:0xb363cbb60125275e!8m2!3d30.6966643!4d76.7880563!16s%2Fg%2F1tfc0dmw!19sChIJS5TIB33rDzkRXiclAbbLY7M,,No website found,,2.6,134,Hospital,"Industrial Area Phase, 2, Ram Darbar, Chandigarh, 160002, India",+91 172 265 0292,"https://www.google.com/maps/search/hospitals+in+chandigarh/@30.6964533,76.7291042,11z?entry=ttu",,
Cloudnine Hospital - Chandigarh,https://www.google.com/maps/place/Cloudnine+Hospital+-+Chandigarh/data=!4m7!3m6!1s0x390fecf305a2d351:0x46dbd6e5ebd44ac4!8m2!3d30.7000956!4d76.7877206!16s%2Fg%2F11df0q67ft!19sChIJUdOiBfPsDzkRxErU6-XW20Y,https://www.cloudninecare.com/centre/industrial-area-phase-ii?utm_source=gmb&utm_medium=organic&utm_campaign=cloudnine+hospital+industrial-area-phase-ii-gmb_website&utm_content=website_button,Data found,,4.7,2748,Maternity hospital,"Plot No: 48, 2, Industrial Area Phase II, Chandigarh, 160002, India",+91 99728 99728,"https://www.google.com/maps/search/hospitals+in+chandigarh/@30.6964533,76.7291042,11z?entry=ttu",info@cloudninecare.com,+91 99728 99728
Hospital,https://www.google.com/maps/place/Hospital/data=!4m7!3m6!1s0x390fee97717eccab:0x7d39d606bef34734!8m2!3d30.7324529!4d76.771901!16s%2Fg%2F119vkh727!19sChIJq8x-cZfuDzkRNEfzvgbWOX0,,No website found,,3.6,10,Hospital,"PQJC+XQJ, Sector 22D, Sector 22, Chandigarh, 160062, India",,"https://www.google.com/maps/search/hospitals+in+chandigarh/@30.6964533,76.7291042,11z?entry=ttu",,
Omni Hospital,https://www.google.com/maps/place/Omni+Hospital/data=!4m7!3m6!1s0x390fedb100000027:0x5f8b257a36649eb1!8m2!3d30.7217605!4d76.7668392!16s%2Fg%2F1v3kfwxm!19sChIJJwAAALHtDzkRsZ5kNnoli18,https://omnihospitals.in/,Data found,,3.7,60,General hospital,"Sco 343-345 Infront of Gurutegh Bahadur Gurudwara, Sector 34A, Chandigarh, 160022, India",+91 172 264 5777,"https://www.google.com/maps/search/hospitals+in+chandigarh/@30.6964533,76.7291042,11z?entry=ttu",,8880101000
Tera Hi Tera Mission Hospital,https://www.google.com/maps/place/Tera+Hi+Tera+Mission+Hospital/data=!4m7!3m6!1s0x390fed36ce0f19ad:0xb0b7e9357ca275d9!8m2!3d30.7048686!4d76.7592749!16s%2Fg%2F11k1kjq7hq!19sChIJrRkPzjbtDzkR2XWifDXpt7A,,No website found,,3.9,223,Hospital,"Sco 138, opposite E Sampark Center, Sector 45C, Sector 45, Chandigarh, India",+91 98887 00113,"https://www.google.com/maps/search/hospitals+in+chandigarh/@30.6964533,76.7291042,11z?entry=ttu",,
New Chandigarh Hospital,https://www.google.com/maps/place/New+Chandigarh+Hospital/data=!4m7!3m6!1s0x390ff231c54812bd:0x7080dfbdf7a1d5f2!8m2!3d30.7990117!4d76.7459891!16s%2Fg%2F11hbfjcm_j!19sChIJvRJIxTHyDzkR8tWh973fgHA,,No website found,,4.3,40,Private hospital,"Mullanpur Garibdass, Punjab 140901, India",+91 98881 18800,"https://www.google.com/maps/search/hospitals+in+chandigarh/@30.6964533,76.7291042,11z?entry=ttu",,
Chopra Hospital And Diagnostic Centre,https://www.google.com/maps/place/Chopra+Hospital+And+Diagnostic+Centre/data=!4m7!3m6!1s0x390f9331c9e54687:0x8dac3f100798fd0b!8m2!3d30.7126746!4d76.8341413!16s%2Fg%2F125_wyfx3!19sChIJh0blyTGTDzkRC_2YBxA_rI0,,No website found,,3.8,42,Hospital,"Chopra Hospital 781/1, opp. Kalagram, Gobind Pura, Modern Housing Complex, Sector 13, Chandigarh, 160101, India",,"https://www.google.com/maps/search/hospitals+in+chandigarh/@30.6964533,76.7291042,11z?entry=ttu",,
CHD City Hospital - 24 Hours Emergency Hospital | ICU | Ortho Doctor | Piles Doctor | Hernia Surgery in Chandigarh,https://www.google.com/maps/place/CHD+City+Hospital+-+24+Hours+Emergency+Hospital+%7C+ICU+%7C+Ortho+Doctor+%7C+Piles+Doctor+%7C+Hernia+Surgery+in+Chandigarh/data=!4m7!3m6!1s0x390fed959ea1c2a9:0x9cfc8f9780f2ce27!8m2!3d30.7403272!4d76.7923556!16s%2Fg%2F11h6rrk_cl!19sChIJqcKhnpXtDzkRJ87ygJeP_Jw,https://chdcityhospital.com/,Data found,,4.7,123,Hospital,"SCO 10, 11, Madhya Marg, Sector 8C, Sector 9, Chandigarh, 160009, India",+91 75080 08117,"https://www.google.com/maps/search/hospitals+in+chandigarh/@30.6964533,76.7291042,11z?entry=ttu",info@chdcityhospital.com,+91 9779712323
Mukat_Hospital - Best Hospital in Chandigarh | Gallbladder Surgery Hospital | Piles Surgery | Hernia Surgery,https://www.google.com/maps/place/Mukat_Hospital+-+Best+Hospital+in+Chandigarh+%7C+Gallbladder+Surgery+Hospital+%7C+Piles+Surgery+%7C+Hernia+Surgery/data=!4m7!3m6!1s0x390fed90fdcc69ff:0xc7429d10faca5dad!8m2!3d30.7228089!4d76.7702606!16s%2Fg%2F11srwxzkt8!19sChIJ_2nM_ZDtDzkRrV3K-hCdQsc,https://www.mukathospital.com/,Data found,,4.9,34,Hospital,"S.C.O 47, 48, 49, A, Dakshin Marg, Sector 34A, Sector 34, Chandigarh, 160022, India",+91 172 434 4444,"https://www.google.com/maps/search/hospitals+in+chandigarh/@30.6964533,76.7291042,11z?entry=ttu",admin@mukathospital.com,9023-88-4444
Fortis hospital,https://www.google.com/maps/place/Fortis+hospital/data=!4m7!3m6!1s0x390fede1040a7ca7:0x4865d99d3ac9840e!8m2!3d30.6783493!4d76.7884803!16s%2Fg%2F11fjtvn7zk!19sChIJp3wKBOHtDzkRDoTJOp3ZZUg,https://www.fortishealthcare.com/,Data found,,3.3,13,Hospital,"Chandigarh Airport Area, Chandigarh, 160003, India",+91 172 506 1222,"https://www.google.com/maps/search/hospitals+in+chandigarh/@30.6964533,76.7291042,11z?entry=ttu",,
"Motherhood Chaitanya Hospital - Sector 44, Chandigarh","https://www.google.com/maps/place/Motherhood+Chaitanya+Hospital+-+Sector+44,+Chandigarh/data=!4m7!3m6!1s0x390fec346aaaaaab:0x44ed6b196913f7fd!8m2!3d30.7106261!4d76.7542968!16s%2Fg%2F11c0phlw_z!19sChIJq6qqajTsDzkR_fcTaRlr7UQ",https://motherhoodchaitanya.com/?utm_source=gmb_mhc&utm_medium=localseo&utm_campaign=homepage,Data found,,4.7,2384,Children's hospital,"Hospital Site 1 And 2, Sarovar Path, 44C, Sector 50, Chandigarh, 160047, India",+91 172 508 8088,"https://www.google.com/maps/search/hospitals+in+chandigarh/@30.6964533,76.7291042,11z?entry=ttu",writetous@motherhoodindia.com,0172-5088088
Ayu Health Hospitals - Ayushman Bharat Empanelled,https://www.google.com/maps/place/Ayu+Health+Hospitals+-+Ayushman+Bharat+Empanelled/data=!4m7!3m6!1s0x390fedf9d0cd5a6b:0xcd260fe8ce7ca51e!8m2!3d30.715111!4d76.7720329!16s%2Fg%2F11fss_0llg!19sChIJa1rN0PntDzkRHqV8zugPJs0,https://ayu.health/chandigarh/hospital/ayu-health-multispeciality-hospital-33a-sector-33-2?utm_source=google&utm_medium=organic&utm_campaign=GMB_sector-33,Data found,,4.7,168,Hospital,"33A, Sector 33, Chandigarh, 160020, India",+91 731 485 5513,"https://www.google.com/maps/search/hospitals+in+chandigarh/@30.6964533,76.7291042,11z?entry=ttu",contact@ayu.health,+91 636-610-0800
Kaushal Hospital,https://www.google.com/maps/place/Kaushal+Hospital/data=!4m7!3m6!1s0x390fedd1de7e8007:0x21591b315bfbfa0d!8m2!3d30.7228043!4d76.7447849!16s%2Fg%2F11g9qf95s6!19sChIJB4B-3tHtDzkRDfr7WzEbWSE,,No website found,,3.9,10,Hospital,"SCO 49, Sector 42 C, Chandigarh, 160036, India",+91 98557 26464,"https://www.google.com/maps/search/hospitals+in+chandigarh/@30.6964533,76.7291042,11z?entry=ttu",,
Mukat Hospital | Top Rated Hospital Chandigarh | Cardiology | Neurology | Nephrology | Urology | Medicine | Gastroenterology,https://www.google.com/maps/place/Mukat+Hospital+%7C+Top+Rated+Hospital+Chandigarh+%7C+Cardiology+%7C+Neurology+%7C+Nephrology+%7C+Urology+%7C+Medicine+%7C+Gastroenterology/data=!4m7!3m6!1s0x390fedb315555551:0x31a8410f96dd6b9!8m2!3d30.7228152!4d76.7703525!16s%2Fg%2F1tk6ywtn!19sChIJUVVVFbPtDzkRudZt-RCEGgM,https://www.mukathospital.com/,Data found,,4.4,1183,Hospital,"S.C.O 47, 49, Dakshin Marg, Sector 34B, Sector 34, Chandigarh, 160022, India",+91 90238 84444,"https://www.google.com/maps/search/hospitals+in+chandigarh/@30.6964533,76.7291042,11z?entry=ttu",admin@mukathospital.com,9023-88-4444
Pandhi Hospital,https://www.google.com/maps/place/Pandhi+Hospital/data=!4m7!3m6!1s0x390fedc8c0367197:0x296beed0797897ec!8m2!3d30.726595!4d76.7523643!16s%2Fg%2F11b8c479gf!19sChIJl3E2wMjtDzkR7Jd4edDuayk,,No website found,,3.8,207,Hospital,"1151, Jan Marg, Near Park, 36C, Sector 36, Chandigarh, 160036, India",+91 73555 41508,"https://www.google.com/maps/search/hospitals+in+chandigarh/@30.6964533,76.7291042,11z?entry=ttu",,
Abhilasha Hospital | Obstetrician and Gynaecologist | Best Maternity Hospital in Chandigarh | Panchkula | Mohali,https://www.google.com/maps/place/Abhilasha+Hospital+%7C+Obstetrician+and+Gynaecologist+%7C+Best+Maternity+Hospital+in+Chandigarh+%7C+Panchkula+%7C+Mohali/data=!4m7!3m6!1s0x390fedb6ffffffff:0x26bbc82c6527b890!8m2!3d30.7280661!4d76.759324!16s%2Fg%2F1trxc2d5!19sChIJ_____7btDzkRkLgnZSzIuyY,http://www.abhilashahospital.in/,Data found,,3.5,63,Hospital,"201, behind Flowers Market, 35A, Sector 35, Chandigarh, 160022, India",+91 77196 84083,"https://www.google.com/maps/search/hospitals+in+chandigarh/@30.6964533,76.7291042,11z?entry=ttu",abhilashahospital201@gmail.com,9877941321
Jindal Hospital,https://www.google.com/maps/place/Jindal+Hospital/data=!4m7!3m6!1s0x390fed98aae2ce11:0x59050961eea2c07f!8m2!3d30.7191048!4d76.7759587!16s%2Fg%2F11hz_3byt2!19sChIJEc7iqpjtDzkRf8Ci7mEJBVk,,No website found,,4.5,19,Hospital,"3050, Dakshin Marg, Sector 20D, Sector 20, Chandigarh, 160020, India",+91 172 491 1000,"https://www.google.com/maps/search/hospitals+in+chandigarh/@30.6964533,76.7291042,11z?entry=ttu",,
"Max Super Specialty Hospital, Mohali","https://www.google.com/maps/place/Max+Super+Specialty+Hospital,+Mohali/data=!4m7!3m6!1s0x390fee144e36fcd5:0xa254c2b1f858248a!8m2!3d30.7390785!4d76.7150592!16s%2Fg%2F1thtbj5v!19sChIJ1fw2ThTuDzkRiiRY-LHCVKI",https://www.maxhealthcare.in/hospital-network/max-super-speciality-hospital-mohali?utm_source=D-Organic&utm_medium=gmb&utm_campaign=mohali-profile,Data found,,4.3,5016,Hospital,"Chandigarh Rd, near Civil Hospital, Phase 6, Mo, Chandigarh, Punjab 160055, India",+91 172 521 2000,"https://www.google.com/maps/search/hospitals+in+chandigarh/@30.6964533,76.7291042,11z?entry=ttu",,
P.G.I. Hospital,https://www.google.com/maps/place/P.G.I.+Hospital/data=!4m7!3m6!1s0x390fedc82fffffff:0x8fffa3a3543256b2!8m2!3d30.7619209!4d76.7745909!16s%2Fg%2F11f53qqy7p!19sChIJ____L8jtDzkRslYyVKOj_48,,No website found,,3.6,131,Hospital,"Government High School, Road, Sector 35D, Sector 35, Chandigarh, 160022, India",,"https://www.google.com/maps/search/hospitals+in+chandigarh/@30.6964533,76.7291042,11z?entry=ttu",,
Life Care Masonic Charitable Hospital,https://www.google.com/maps/place/Life+Care+Masonic+Charitable+Hospital/data=!4m7!3m6!1s0x390fed11dabe12cb:0xdba271ab73389631!8m2!3d30.7359876!4d76.7920629!16s%2Fg%2F1q5bmh2ds!19sChIJyxK-2hHtDzkRMZY4c6txots,,No website found,,4.3,71,Government hospital,"Opposite New Public School, Madhya Marg, Sector 18B, Chandigarh, 160018, India",+91 98766 56939,"https://www.google.com/maps/search/hospitals+in+chandigarh/@30.6964533,76.7291042,11z?entry=ttu",,
Civil Hospital Sector 22,https://www.google.com/maps/place/Civil+Hospital+Sector+22/data=!4m7!3m6!1s0x390feda5b24cdb15:0xe2011cd5e481c9a0!8m2!3d30.7326365!4d76.7707238!16s%2Fg%2F11ckx_9r6n!19sChIJFdtMsqXtDzkRoMmB5NUcAeI,,No website found,,2.8,225,Government hospital,"Sector 22 Market Rd, Sector 22D, Sector 22, Chandigarh, 160022, India",,"https://www.google.com/maps/search/hospitals+in+chandigarh/@30.6964533,76.7291042,11z?entry=ttu",,
Kapoor's Kidney & Urostone Centre Pvt. Ltd.,https://www.google.com/maps/place/Kapoor%27s+Kidney+%26+Urostone+Centre+Pvt.+Ltd./data=!4m7!3m6!1s0x390feda6178c691f:0x2d09cdaacacf8056!8m2!3d30.7028907!4d76.7620014!16s%2Fg%2F1tkbwm2p!19sChIJH2mMF6btDzkRVoDPyqrNCS0,http://kidneyurostonecentre.com/,Data found,,3.7,126,Hospital,"Site No.2, Sukhna Path, Near Gurudwara, Opposite 45-46 Traffic Lights, Sector 46D, Chandigarh, 160047, India",+91 172 263 4811,"https://www.google.com/maps/search/hospitals+in+chandigarh/@30.6964533,76.7291042,11z?entry=ttu",,"9915286238, 981400623"
Healing Hospital And Institute Of Paramedical Sciences,https://www.google.com/maps/place/Healing+Hospital+And+Institute+Of+Paramedical+Sciences/data=!4m7!3m6!1s0x390fedae04cf7b79:0xe78fb1f6fe9aa33a!8m2!3d30.7240561!4d76.769382!16s%2Fg%2F11mxn1rzsf!19sChIJeXvPBK7tDzkROqOa_vaxj-c,https://healinghospital.co.in/,Data found,,3.2,29,Hospital,"PQF9+JQC, Sector 34A Rd, Sector 34A, Sector 34, Chandigarh, 160022, India",+91 94643 43434,"https://www.google.com/maps/search/hospitals+in+chandigarh/@30.6964533,76.7291042,11z?entry=ttu",info@healinghospital.co.in,+91 9464343434
THE CLINIC - A unit of Rameshwara Hospital Private Limited -RHPL,https://www.google.com/maps/place/THE+CLINIC+-+A+unit+of+Rameshwara+Hospital+Private+Limited+-RHPL/data=!4m7!3m6!1s0x390fed7b14094845:0xcaf06b120ee817d5!8m2!3d30.7579024!4d76.7845035!16s%2Fg%2F11sn_4phyf!19sChIJRUgJFHvtDzkR1RfoDhJr8Mo,,No website found,,4.2,5,Hospital,"House no.10, Sector 11-A, Sector 11, Chandigarh, 160011, India",+91 97799 92314,"https://www.google.com/maps/search/hospitals+in+chandigarh/@30.6964533,76.7291042,11z?entry=ttu",,
Chhuttani Medical Centre,https://www.google.com/maps/place/Chhuttani+Medical+Centre/data=!4m7!3m6!1s0x390fed0baaaaaaab:0x61c61189e3a25028!8m2!3d30.7401874!4d76.7826268!16s%2Fg%2F1tpf5jgg!19sChIJq6qqqgvtDzkRKFCi44kRxmE,http://www.cmcchandigarh.in/,Data found,,3.3,64,Hospital,"S.C.O 52 - 53 - 54, Bridge Market, 17C, Sector 17, Chandigarh, 160017, India",+91 172 270 2543,"https://www.google.com/maps/search/hospitals+in+chandigarh/@30.6964533,76.7291042,11z?entry=ttu",,0172 - 270 2543
Bedi Hospital (Best Mother and Child Care Hospital),https://www.google.com/maps/place/Bedi+Hospital+%28Best+Mother+and+Child+Care+Hospital%29/data=!4m7!3m6!1s0x390fedb32090f169:0xed2bf002a16ede08!8m2!3d30.7175876!4d76.7695011!16s%2Fg%2F1tdq4d5x!19sChIJafGQILPtDzkRCN5uoQLwK-0,http://www.bedihospital.com/,Data found,,4.7,867,Maternity hospital,"182, 33A, Sector 33, A, Chandigarh, 160020, India",+91 80 4577 6776,"https://www.google.com/maps/search/hospitals+in+chandigarh/@30.6964533,76.7291042,11z?entry=ttu",contact@bedihospital.com,+91 8045 776 776
Magnum multi-speciality Hospital,https://www.google.com/maps/place/Magnum+multi-speciality+Hospital/data=!4m7!3m6!1s0x390fedf34de07035:0xb9a3ec7272e71140!8m2!3d30.723655!4d76.760353!16s%2Fg%2F11h1j8kq85!19sChIJNXDgTfPtDzkRQBHncnLso7k,,No website found,,4.0,5,Hospital,"House No 2103 Near Congress Bhavan, 35C, Chandigarh, 160036, India",,"https://www.google.com/maps/search/hospitals+in+chandigarh/@30.6964533,76.7291042,11z?entry=ttu",,
Civil Hospital Sector 45,https://www.google.com/maps/place/Civil+Hospital+Sector+45/data=!4m7!3m6!1s0x390fec4887bab8bf:0xa1e03cc9b0e88eeb!8m2!3d30.704401!4d76.7609153!16s%2Fg%2F11c2nzn5zx!19sChIJv7i6h0jsDzkR647osMk84KE,,No website found,,3.0,173,Government hospital,"1642, V4 Rd, Burail, Burail Village, Sector 45, Chandigarh, 160047, India",+91 172 260 1023,"https://www.google.com/maps/search/hospitals+in+chandigarh/@30.6964533,76.7291042,11z?entry=ttu",,
"Cosmo Hospital | Multispeciality Hospital and Child Specialist Hospital in Mohali, Chandigarh","https://www.google.com/maps/place/Cosmo+Hospital+%7C+Multispeciality+Hospital+and+Child+Specialist+Hospital+in+Mohali,+Chandigarh/data=!4m7!3m6!1s0x390fee9974b8ceb5:0xd51ba6b758b17a7d!8m2!3d30.6993623!4d76.7273818!16s%2Fg%2F12cp38lh1!19sChIJtc64dJnuDzkRfXqxWLemG9U",,No website found,,4.1,162,Private hospital,"Cosmo Hospital, Sector 62, Sahibzada Ajit Singh Nagar, Punjab 160062, India",+91 90564 44465,"https://www.google.com/maps/search/hospitals+in+chandigarh/@30.6964533,76.7291042,11z?entry=ttu",,
Civil Hospital,https://www.google.com/maps/place/Civil+Hospital/data=!4m7!3m6!1s0x390f933b70683ce9:0xe1cb4161a4fe0e32!8m2!3d30.7127379!4d76.8424016!16s%2Fg%2F1vkxkncm!19sChIJ6TxocDuTDzkRMg7-pGFBy-E,,No website found,,3.1,169,Government hospital,"PR7R+3XR, Sector 13, Chandigarh, Panchkula, Chandigarh 160101, India",+91 172 275 1004,"https://www.google.com/maps/search/hospitals+in+chandigarh/@30.6964533,76.7291042,11z?entry=ttu",,
Government Medical College & Hospital,https://www.google.com/maps/place/Government+Medical+College+%26+Hospital/data=!4m7!3m6!1s0x390fed968a7d9e1b:0xd77ca930c4f5778f!8m2!3d30.6884523!4d76.7548509!16s%2Fg%2F11f7r6sysk!19sChIJG559ipbtDzkRj3f1xDCpfNc,https://gmch.gov.in/about-us/about-gmch,Data found,,3.8,24,Government hospital,"Sector 48A, Sector 48, Chandigarh, 160047, India",+91 172 260 1023,"https://www.google.com/maps/search/hospitals+in+chandigarh/@30.6964533,76.7291042,11z?entry=ttu",manpreetdawar@hotmail.com,18001802063
Ramdarbar Rural Polyclinic,https://www.google.com/maps/place/Ramdarbar+Rural+Polyclinic/data=!4m7!3m6!1s0x390fec91de1757c5:0x2e8911ba08ea41fd!8m2!3d30.6913226!4d76.7916548!16s%2Fg%2F1ptwdj8b8!19sChIJxVcX3pHsDzkR_UHqCLoRiS4,http://nrhmchd.gov.in/,Data found,,4.0,4,Government hospital,"NRHN State Health Society, Sector 22, Ram Darbar, Chandigarh 160002, India",+91 172 270 2924,"https://www.google.com/maps/search/hospitals+in+chandigarh/@30.6964533,76.7291042,11z?entry=ttu",,
Civil Hospital Mohali,https://www.google.com/maps/place/Civil+Hospital+Mohali/data=!4m7!3m6!1s0x390fee144ed5f547:0xcfa9e36392dbe20d!8m2!3d30.738678!4d76.7131751!16s%2Fg%2F11bv2lg73w!19sChIJR_XVThTuDzkRDeLbkmPjqc8,http://www.pbhealth.gov.in/,No data found,,2.8,356,Government hospital,"Civil Hospital and Govt College, Road, Phase 6, Sector 56, Sahibzada Ajit Singh Nagar, Punjab 160055, India",,"https://www.google.com/maps/search/hospitals+in+chandigarh/@30.6964533,76.7291042,11z?entry=ttu",,
Indus Super Speciality Hospital,https://www.google.com/maps/place/Indus+Super+Speciality+Hospital/data=!4m7!3m6!1s0x390feda785d2ec5f:0x6301495b4669e0ed!8m2!3d30.7292742!4d76.7219871!16s%2Fg%2F1thd51_l!19sChIJX-zShaftDzkR7eBpRltJAWM,http://www.indushospital.in/,Data found,,4.6,1348,Private hospital,"opp. Old DC Office, Sector 55, Phase 1, Sector 55, Sahibzada Ajit Singh Nagar, Punjab 160055, India",+91 1762 512 666,"https://www.google.com/maps/search/hospitals+in+chandigarh/@30.6964533,76.7291042,11z?entry=ttu",contact@indushospital.in,+91-1762-512600
Government Medical College & Hospital Emergency Room,https://www.google.com/maps/place/Government+Medical+College+%26+Hospital+Emergency+Room/data=!4m7!3m6!1s0x390fecf83bebd065:0x2b92ef8bb3bc5956!8m2!3d30.7096254!4d76.7813772!16s%2Fg%2F11bxd7xsdd!19sChIJZdDrO_jsDzkRVlm8s4vvkis,http://www.gmch.gov.in/,Data found,,3.6,94,Government hospital,"Dakshin Marg, 32B, Sector 32, Chandigarh, 160047, India",+91 172 260 1023,"https://www.google.com/maps/search/hospitals+in+chandigarh/@30.6964533,76.7291042,11z?entry=ttu",manpreetdawar@hotmail.com,18001802063
Aarogya Hospital,https://www.google.com/maps/place/Aarogya+Hospital/data=!4m7!3m6!1s0x390ff3bb63078cbb:0xddd71a6909cce975!8m2!3d30.775899!4d76.7700609!16s%2Fg%2F11tncr5nh0!19sChIJu4wHY7vzDzkRdenMCWka190,,No website found,,4.9,74,Hospital,"Khudda Lahora, Chandigarh, Khudda Lahora, Chandigarh 160014, India",,"https://www.google.com/maps/search/hospitals+in+chandigarh/@30.6964533,76.7291042,11z?entry=ttu",,
Ayu Health Hospitals - Ayushman Bharat Empanelled,https://www.google.com/maps/place/Ayu+Health+Hospitals+-+Ayushman+Bharat+Empanelled/data=!4m7!3m6!1s0x390fed307fbb7e1d:0x95c3a0f233004127!8m2!3d30.7245856!4d76.76882!16s%2Fg%2F11stsf3t_f!19sChIJHX67fzDtDzkRJ0EAM_Kgw5U,https://ayu.health/chandigarh?utm_source=google&utm_medium=organic&utm_campaign=GMB_chd_sector34a,Data found,,5.0,67,Hospital,"17, Piccadily Rd, above Domino's SCO16, Sub. City Center, Sector 34A, Sector 34, Chandigarh, 160022, India",+91 731 485 5513,"https://www.google.com/maps/search/hospitals+in+chandigarh/@30.6964533,76.7291042,11z?entry=ttu",contact@ayu.health,+91 636-610-0800
"Shalby Multi-Specialty Hospital, Mohali","https://www.google.com/maps/place/Shalby+Multi-Specialty+Hospital,+Mohali/data=!4m7!3m6!1s0x390feea000764e3f:0xd0f04b8e00abed86!8m2!3d30.6922922!4d76.7333434!16s%2Fg%2F11c75_swq9!19sChIJP052AKDuDzkRhu2rAI5L8NA",https://www.shalby.org/hospitals/mohali-shalby/?utm_source=google_map&utm_medium=organic&utm_campaign=Mohali_Shalby_Hospital,Data found,,4.8,5591,Private hospital,"Mohali Stadium Rd, near PCA Stadium, Phase 9, Sector 63, Sahibzada Ajit Singh Nagar, Lamba, Punjab 160062, India",+91 172 490 7000,"https://www.google.com/maps/search/hospitals+in+chandigarh/@30.6964533,76.7291042,11z?entry=ttu",info.mohali@shalby.in,+91 7069001001
Sangam Neuro Hospital,https://www.google.com/maps/place/Sangam+Neuro+Hospital/data=!4m7!3m6!1s0x390fed0560b66143:0x986241a5439f1ce6!8m2!3d30.7317226!4d76.7898141!16s%2Fg%2F1tjjmrss!19sChIJQ2G2YAXtDzkR5hyfQ6VBYpg,,No website found,,4.0,4,Hospital,"# 619, Sector 18-B, Chandigarh, 160018, India",,"https://www.google.com/maps/search/hospitals+in+chandigarh/@30.6964533,76.7291042,11z?entry=ttu",,
Fortis Hospital Mohali,https://www.google.com/maps/place/Fortis+Hospital+Mohali/data=!4m7!3m6!1s0x390fee9f04ed85e1:0x63296ed41f02307d!8m2!3d30.6952398!4d76.7314188!16s%2Fg%2F1w0j2l8j!19sChIJ4YXtBJ_uDzkRfTACH9RuKWM,https://www.fortishealthcare.com/location/fortis-hospital-mohali?utm_source=google-gmb&utm_medium=gmb-seo-url&utm_campaign=FHL-gmb,Data found,,4.5,6513,Hospital,"Sector 62, Sahibzada Ajit Singh Nagar, Lamba, Punjab 160062, India",+91 172 469 2222,"https://www.google.com/maps/search/hospitals+in+chandigarh/@30.6964533,76.7291042,11z?entry=ttu",secretarial@fortishealthcare.com,1725096001
Indus Hospital,https://www.google.com/maps/place/Indus+Hospital/data=!4m7!3m6!1s0x390fee8605689d5d:0xd59b4b3b1af58a09!8m2!3d30.7089058!4d76.7225259!16s%2Fg%2F11bv19dgst!19sChIJXZ1oBYbuDzkRCYr1GjtLm9U,https://www.indushospital.in/Indus-Hospital-3b2,Data found,,4.5,1011,Private hospital,"SCF 98-100, Near Chawla Chowk, Phase 3B-2, Sector 60, Sahibzada Ajit Singh Nagar, Punjab 160059, India",+91 1762 512 666,"https://www.google.com/maps/search/hospitals+in+chandigarh/@30.6964533,76.7291042,11z?entry=ttu",contact@indushospital.in,+91-1762-512600
Charitable hospital,https://www.google.com/maps/place/Charitable+hospital/data=!4m7!3m6!1s0x390fedc995ce3bd1:0x43f572f8537f6b42!8m2!3d30.7476441!4d76.7660754!16s%2Fg%2F11fn9bz35b!19sChIJ0TvOlcntDzkRQmt_U_hy9UM,,No website found,,4.5,2,Hospital,"PQX8+3C4, Unnamed Road, 24B, Sector 24, Chandigarh, 160036, India",,"https://www.google.com/maps/search/hospitals+in+chandigarh/@30.6964533,76.7291042,11z?entry=ttu",,
German Hospital,https://www.google.com/maps/place/German+Hospital/data=!4m7!3m6!1s0x390ff299bdd867b3:0xa01dabfb3adba421!8m2!3d30.7772029!4d76.7995108!16s%2Fg%2F11g8bwpb_n!19sChIJs2fYvZnyDzkRIaTbOvurHaA,,No website found,,4.9,9,Hospital,"Karoran Rd, Govind Nagar, Nayagaon, Punjab 160103, India",+91 94173 11419,"https://www.google.com/maps/search/hospitals+in+chandigarh/@30.6964533,76.7291042,11z?entry=ttu",,
Park Hospital,https://www.google.com/maps/place/Park+Hospital/data=!4m7!3m6!1s0x390fee61c0000001:0xd304c964b8144afd!8m2!3d30.6912064!4d76.723156!16s%2Fg%2F1v_vr94h!19sChIJAQAAwGHuDzkR_UoUuGTJBNM,https://parkhospital.in/hospital/grecian-superspeciality-hospital-in-mohali,Data found,,4.4,2106,Hospital,"Jail Rd, Phase 9, Sahibzada Ajit Singh Nagar, Punjab 160062, India",+91 75620 00000,"https://www.google.com/maps/search/hospitals+in+chandigarh/@30.6964533,76.7291042,11z?entry=ttu",info@parkhospital.in,01724696600
Ayu Health Hospitals,https://www.google.com/maps/place/Ayu+Health+Hospitals/data=!4m7!3m6!1s0x390fefb48b745afb:0xf421c00205add9d4!8m2!3d30.6994375!4d76.7264375!16s%2Fg%2F11v6fm286n!19sChIJ-1p0i7TvDzkR1NmtBQLAIfQ,https://ayu.health/chandigarh/hospital/ayu-health-multi-speciality-hospital-sector-62-42?utm_source=google&utm_medium=organic&utm_campaign=GMB_CHD_sector62,Data found,,5.0,3,Private hospital,"MPXG+QH5, Himalaya Marg, near COSMO Hospital, Sector 62, Sahibzada Ajit Singh Nagar, Chandigarh, Punjab 160062, India",+91 731 485 5513,"https://www.google.com/maps/search/hospitals+in+chandigarh/@30.6964533,76.7291042,11z?entry=ttu",contact@ayu.health,+91 636-610-0800
General Hospital,https://www.google.com/maps/place/General+Hospital/data=!4m7!3m6!1s0x390fee70883996d7:0xe500390052a24270!8m2!3d30.7262357!4d76.7250677!16s%2Fg%2F1263mk83x!19sChIJ15Y5iHDuDzkRcEKiUgA5AOU,,No website found,,4.0,2,Hospital,"Phase 2, Sector 54, Sahibzada Ajit Singh Nagar, 160059, India",,"https://www.google.com/maps/search/hospitals+in+chandigarh/@30.6964533,76.7291042,11z?entry=ttu",,
Nins Brain & Spine Hospital,https://www.google.com/maps/place/Nins+Brain+%26+Spine+Hospital/data=!4m7!3m6!1s0x390fedb315555555:0x1ad14a114d82dc18!8m2!3d30.7219461!4d76.7666137!16s%2Fg%2F1tzvtym4!19sChIJVVVVFbPtDzkRGNyCTRFK0Ro,,No website found,,3.6,5,Hospital,"SCO 341-342, Sector 34A, Sector 34, Chandigarh, 160022, India",+91 172 500 0567,"https://www.google.com/maps/search/hospitals+in+chandigarh/@30.6964533,76.7291042,11z?entry=ttu",,
Mata Kulbir Kaur Ji Charitable Hospital,https://www.google.com/maps/place/Mata+Kulbir+Kaur+Ji+Charitable+Hospital/data=!4m7!3m6!1s0x390fede4716d2b69:0xb938dbdf1360196f!8m2!3d30.745727!4d76.7399096!16s%2Fg%2F11cjk4rlm5!19sChIJaSttceTtDzkRbxlgE9_bOLk,,No website found,,3.2,5,Hospital,"PPWQ+7XV, Gurudwara Santsar Sahib, Paschim Marg, Sector 38 West, Sector 38, Chandigarh, 160036, India",,"https://www.google.com/maps/search/hospitals+in+chandigarh/@30.6964533,76.7291042,11z?entry=ttu",,
"Block B, OPD, GMCH","https://www.google.com/maps/place/Block+B,+OPD,+GMCH/data=!4m7!3m6!1s0x390fecf8098e7eff:0xfe764b4841303800!8m2!3d30.7095284!4d76.7799306!16s%2Fg%2F11f4trylq8!19sChIJ_36OCfjsDzkRADgwQUhLdv4",,No website found,,3.4,35,Government hospital,"PQ5H+RX7, Sector 32B, 32B, Sector 32, Chandigarh, 160047, India",+91 172 266 3301,"https://www.google.com/maps/search/hospitals+in+chandigarh/@30.6964533,76.7291042,11z?entry=ttu",,
Pgi Chandigarh,https://www.google.com/maps/place/Pgi+Chandigarh/data=!4m7!3m6!1s0x390fed4632c03cc5:0x72725ea9634d50b1!8m2!3d30.7599483!4d76.7761869!16s%2Fg%2F11jylb0qqc!19sChIJxTzAMkbtDzkRsVBNY6lecnI,,No website found,,4.0,153,Hospital,"PGI HOSPITAL CHANDIGARH, Sector 12, Chandigarh, 160012, India",,"https://www.google.com/maps/search/hospitals+in+chandigarh/@30.6964533,76.7291042,11z?entry=ttu",,
Guru Ka Langar Eye Hospital,https://www.google.com/maps/place/Guru+Ka+Langar+Eye+Hospital/data=!4m7!3m6!1s0x390fed01c448b111:0xd034dce28625a00f!8m2!3d30.7360109!4d76.7920489!16s%2Fg%2F11gxzg0chj!19sChIJEbFIxAHtDzkRD6AlhuLcNNA,https://chandigarhherald.com/listing/guru-ka-langar-eye-hospital/,Data found,,4.3,211,Hospital,"536, Madhya Marg, 18B, Sector 18, Chandigarh, 160018, India",+91 95920 64040,"https://www.google.com/maps/search/hospitals+in+chandigarh/@30.6964533,76.7291042,11z?entry=ttu",support@listing.com,092166 66440
Chawla Hospital,https://www.google.com/maps/place/Chawla+Hospital/data=!4m7!3m6!1s0x390fee85d86abad5:0xd083355b4db2f08d!8m2!3d30.7082829!4d76.7242209!16s%2Fg%2F124swghsx!19sChIJ1bpq2IXuDzkRjfCyTVs1g9A,https://chawlahospital.in/,Data found,,2.8,133,Hospital,"1, Sarovar Path, Phase 7, Sector 61, Sahibzada Ajit Singh Nagar, Punjab 160062, India",+91 98145 01415,"https://www.google.com/maps/search/hospitals+in+chandigarh/@30.6964533,76.7291042,11z?entry=ttu",chawlahospitalmohali@gmail.com,+91 98145 01415
Happy Family Hospital,https://www.google.com/maps/place/Happy+Family+Hospital/data=!4m7!3m6!1s0x390f9389df245a2b:0x6ca0ae297a768a97!8m2!3d30.715818!4d76.8390029!16s%2Fg%2F11h_6x2sw0!19sChIJK1ok34mTDzkRl4p2eimuoGw,https://happyfamilyhospital.business.site/,Data found,,3.3,70,Children's hospital,"# 54 AND 55, Old Ropar Rd, Samadhi Gate, Sector 13, Chandigarh, 160101, India",+91 94170 08765,"https://www.google.com/maps/search/hospitals+in+chandigarh/@30.6964533,76.7291042,11z?entry=ttu",,9417008765
ESIC Dispensary,https://www.google.com/maps/place/ESIC+Dispensary/data=!4m7!3m6!1s0x390fecfab4985a3b:0xc3227b58a826c2b1!8m2!3d30.71108!4d76.7906144!16s%2Fg%2F1tf68fpl!19sChIJO1qYtPrsDzkRscImqFh7IsM,,No website found,,2.7,47,Government hospital,"Sector 29D, 29D, Sector 29, Chandigarh, 160030, India",+91 172 265 7793,"https://www.google.com/maps/search/hospitals+in+chandigarh/@30.6964533,76.7291042,11z?entry=ttu",,
Alpha Chandigarh Hospital | Multispecialty Hospital | Ortho | Gynae | General Surgery,https://www.google.com/maps/place/Alpha+Chandigarh+Hospital+%7C+Multispecialty+Hospital+%7C+Ortho+%7C+Gynae+%7C+General+Surgery/data=!4m7!3m6!1s0x390fe5840cd31c4b:0xf66eddfd13a14eca!8m2!3d30.7711237!4d76.5817852!16s%2Fg%2F11qnyr2m03!19sChIJSxzTDITlDzkRyk6hE_3dbvY,https://www.alphachandigarh.com/,Data found,,5.0,204,Hospital,"Mohali, NH-05, near CHANDIGARH UNIVERSITY, Gharuan, Punjab 140413, India",+91 78140 03130,"https://www.google.com/maps/search/hospitals+in+chandigarh/@30.6964533,76.7291042,11z?entry=ttu",medicaltourism@alphachandigrah.com,9814075306
"ùóîùó•ùó© ùó¢ùóøùòÅùóµùóºùóΩùóÆùó≤ùó±ùó∂ùó∞ ùóõùóºùòÄùóΩùó∂ùòÅùóÆùóπ - Best Orthopaedic, Sports Injury Hospital, Knee Replacement & Trauma Hospital in Chandigarh","https://www.google.com/maps/place/%F0%9D%97%94%F0%9D%97%A5%F0%9D%97%A9+%F0%9D%97%A2%F0%9D%97%BF%F0%9D%98%81%F0%9D%97%B5%F0%9D%97%BC%F0%9D%97%BD%F0%9D%97%AE%F0%9D%97%B2%F0%9D%97%B1%F0%9D%97%B6%F0%9D%97%B0+%F0%9D%97%9B%F0%9D%97%BC%F0%9D%98%80%F0%9D%97%BD%F0%9D%97%B6%F0%9D%98%81%F0%9D%97%AE%F0%9D%97%B9+-+Best+Orthopaedic,+Sports+Injury+Hospital,+Knee+Replacement+%26+Trauma+Hospital+in+Chandigarh/data=!4m7!3m6!1s0x390fed9edb0f7971:0x7eb3097bccaa58b2!8m2!3d30.7241892!4d76.7750947!16s%2Fg%2F11smh1_n_q!19sChIJcXkP257tDzkRsliqzHsJs34",https://arvhospital.com/,Data found,,4.9,198,Hospital,"2125, Sector 21C, Sector 21, Chandigarh, 160021, India",+91 84274 52125,"https://www.google.com/maps/search/hospitals+in+chandigarh/@30.6964533,76.7291042,11z?entry=ttu",dratulmalhotra.23@gmail.com,+918427452125
Composite Hospital ITBP,https://www.google.com/maps/place/Composite+Hospital+ITBP/data=!4m7!3m6!1s0x390feca0a35492d3:0x977c5aaea6649a55!8m2!3d30.677898!4d76.8073136!16s%2Fg%2F1vtqtg_2!19sChIJ05JUo6DsDzkRVZpkpq5afJc,,No website found,,4.5,28,Veterans hospital,"MRH4+5W4, NH21, Behlana, Chandigarh, 160003, India",+91 172 265 2709,"https://www.google.com/maps/search/hospitals+in+chandigarh/@30.6964533,76.7291042,11z?entry=ttu",,
Virdi Eye Hospital,https://www.google.com/maps/place/Virdi+Eye+Hospital/data=!4m7!3m6!1s0x390feda455555555:0x39585fa378739e7d!8m2!3d30.7194794!4d76.7683301!16s%2Fg%2F1tdbctb4!19sChIJVVVVVaTtDzkRfZ5zeKNfWDk,https://chandigarhherald.com/listing/virdi-eye-hospital/,Data found,,3.7,57,Hospital,"SCO 226-227, Sector, 34A, Dakshin Marg, near Patania Petrol Pump, Chandigarh, 160022, India",+91 172 507 7101,"https://www.google.com/maps/search/hospitals+in+chandigarh/@30.6964533,76.7291042,11z?entry=ttu",support@listing.com,0172 507 7101
GMSH,https://www.google.com/maps/place/GMSH/data=!4m7!3m6!1s0x390fed77ccb61817:0x2d235dd96c0bf685!8m2!3d30.7508295!4d76.7811312!16s%2Fg%2F11f30m2g1d!19sChIJFxi2zHftDzkRhfYLbNldIy0,,No website found,,3.1,112,Hospital,"QQ2J+8FJ, Madhya Marg, Sector 16 A, Sector 16, Chandigarh, 160015, India",,"https://www.google.com/maps/search/hospitals+in+chandigarh/@30.6964533,76.7291042,11z?entry=ttu",,
Kare partner heart centre,https://www.google.com/maps/place/Kare+partner+heart+centre/data=!4m7!3m6!1s0x390fed7f4fe3eb33:0x833078ad9858b35f!8m2!3d30.7286042!4d76.7898532!16s%2Fg%2F11lg2tmvg4!19sChIJM-vjT3_tDzkRX7NYmK14MIM,http://www.india.karepartners.com/,Data found,,3.4,34,Hospital,"3314, Near Gurudwara Sahib, 19D, Sector 19, Chandigarh, 160019, India",+91 75298 33446,"https://www.google.com/maps/search/hospitals+in+chandigarh/@30.6964533,76.7291042,11z?entry=ttu",,+91-81466 64742
Municipal Corporation Chandigarh Civil Dispensary,https://www.google.com/maps/place/Municipal+Corporation+Chandigarh+Civil+Dispensary/data=!4m7!3m6!1s0x390fed1a5eb8ef8f:0x6e3ca65b4661533c!8m2!3d30.730881!4d76.7945053!16s%2Fg%2F1hd_1bcm_!19sChIJj--4XhrtDzkRPFNhRlumPG4,,No website found,,3.5,50,Government hospital,"Sector 19 A, Chandigarh 160019, India",,"https://www.google.com/maps/search/hospitals+in+chandigarh/@30.6964533,76.7291042,11z?entry=ttu",,
AM Hospital Mohali,https://www.google.com/maps/place/AM+Hospital+Mohali/data=!4m7!3m6!1s0x390fee5e81351d8f:0x8220204e7f03efb6!8m2!3d30.7195749!4d76.705603!16s%2Fg%2F1hm2kt7dd!19sChIJjx01gV7uDzkRtu8Df04gIII,http://www.amhospital.in/,Data found,,3.9,131,Hospital,"MOHALI BYEPASS, ROAD, Sector 58, Sahibzada Ajit Singh Nagar, Punjab 160058, India",+91 172 503 2683,"https://www.google.com/maps/search/hospitals+in+chandigarh/@30.6964533,76.7291042,11z?entry=ttu",,
Shivalik Hospital,https://www.google.com/maps/place/Shivalik+Hospital/data=!4m7!3m6!1s0x390fee976f3ff70b:0xb12de508b37c0c38!8m2!3d30.6950499!4d76.7214145!16s%2Fg%2F11c57s29f4!19sChIJC_c_b5fuDzkROAx8swjlLbE,,No website found,,3.2,99,Hospital,"Ace Heart & Vascular Institute, Japjee Dental Rd, opposite Shemrock School, Sector 69, Sahibzada Ajit Singh Nagar, Punjab 160062, India",,"https://www.google.com/maps/search/hospitals+in+chandigarh/@30.6964533,76.7291042,11z?entry=ttu",,
MAX MedCenter,https://www.google.com/maps/place/MAX+MedCenter/data=!4m7!3m6!1s0x390fef10182b100f:0xd61fe077de37ceb5!8m2!3d30.7362907!4d76.7069698!16s%2Fg%2F11qns134gs!19sChIJDxArGBDvDzkRtc433nfgH9Y,http://www.maxhealthcare.in/hospital-network/max-super-speciality-hospital-mohali,Data found,,4.6,4266,Hospital,"Chandigarh Rd, 56A, Sector 56, Sahibzada Ajit Singh Nagar, Punjab 140308, India",+91 77107 77107,"https://www.google.com/maps/search/hospitals+in+chandigarh/@30.6964533,76.7291042,11z?entry=ttu",digitalquery@maxhealthcare.com,+91 92688 80303
"APC, PGIMER( Child Opd)","https://www.google.com/maps/place/APC,+PGIMER%28+Child+Opd%29/data=!4m7!3m6!1s0x390fed28b06dddf3:0x85ed82df989b0c4b!8m2!3d30.7641349!4d76.7765922!16s%2Fg%2F11gx_xbzkw!19sChIJ891tsCjtDzkRSwybmN-C7YU",,No website found,,4.0,25,Hospital,"PGI HOSPITAL CHANDIGARH, Sector 12, Chandigarh, 160012, India",,"https://www.google.com/maps/search/hospitals+in+chandigarh/@30.6964533,76.7291042,11z?entry=ttu",,
Dr Vivek Singla Laparoscopic Surgeon,https://www.google.com/maps/place/Dr+Vivek+Singla+Laparoscopic+Surgeon/data=!4m7!3m6!1s0x390fec518fee61b7:0x715e1e2a36828542!8m2!3d30.7122689!4d76.7702989!16s%2Fg%2F11bwkdy2l1!19sChIJt2Huj1HsDzkRQoWCNioeXnE,http://www.dolphinivf.com/,No data found,,5.0,19,Hospital,"Dolphin Ivf & Laparoscopy Centre Landmark Hospital Sector 33 Chandigarh Room No 4 & 5 Basement, Chandigarh 160034, India",+91 94173 77858,"https://www.google.com/maps/search/hospitals+in+chandigarh/@30.6964533,76.7291042,11z?entry=ttu",,
Dhawan Hospital,https://www.google.com/maps/place/Dhawan+Hospital/data=!4m7!3m6!1s0x390f936ebfffffff:0x9fc4b8dbb4f47c15!8m2!3d30.7110942!4d76.8495932!16s%2Fg%2F1tj1_y6g!19sChIJ____v26TDzkRFXz0tNu4xJ8,http://dhawanhospital.co.in/,Data found,,4.7,929,General hospital,"Plot Number 1, Dhawan Hospital, Rina Road, Plot No.1, Gurudwaara Rd, Sector 7, Panchkula, Haryana 134109, India",+91 172 259 6090,"https://www.google.com/maps/search/hospitals+in+chandigarh/@30.6964533,76.7291042,11z?entry=ttu",info@nayyarhospital.com,"+91 172-2596090, 2596091"
Dr. Chander Hospital,https://www.google.com/maps/place/Dr.+Chander+Hospital/data=!4m7!3m6!1s0x390fed04ef4c995f:0xa7b254bc1bc7843f!8m2!3d30.7284818!4d76.789546!16s%2Fg%2F11js_2v8xn!19sChIJX5lM7wTtDzkRP4THG7xUsqc,,No website found,,,,Hospital,"19D, Sector 19, Chandigarh, 160019, India",,"https://www.google.com/maps/search/hospitals+in+chandigarh/@30.6964533,76.7291042,11z?entry=ttu",,
Grecian Hospital Diagnostic/ PET CT,https://www.google.com/maps/place/Grecian+Hospital+Diagnostic%2F+PET+CT/data=!4m7!3m6!1s0x390fefac7c545789:0x74edb1d61e6f0491!8m2!3d30.6917079!4d76.7209538!16s%2Fg%2F11fpgg1xp0!19sChIJiVdUfKzvDzkRkQRvHtax7XQ,https://www.grecianhospital.com/,No data found,,3.4,11,Hospital,"MPRC+M9P, Sector 69, Sahibzada Ajit Singh Nagar, Punjab 160062, India",+91 62837 05192,"https://www.google.com/maps/search/hospitals+in+chandigarh/@30.6964533,76.7291042,11z?entry=ttu",,
Rush Healthcare,https://www.google.com/maps/place/Rush+Healthcare/data=!4m7!3m6!1s0x390fed143fffffff:0x209fd416eba8c8d!8m2!3d30.7400206!4d76.7985302!16s%2Fg%2F11g01vfz2w!19sChIJ____PxTtDzkRjYy6bkH9CQI,,No website found,,,,Medical Center,"SCO 179 ‚Äì 180, Level 1, Madhya Marg, Behind DLF, Sector 8-C, Chandigarh, 160018, India",+91 98789 17030,"https://www.google.com/maps/search/hospitals+in+chandigarh/@30.6964533,76.7291042,11z?entry=ttu",,
Arv Health Care Private Ltd,https://www.google.com/maps/place/Arv+Health+Care+Private+Ltd/data=!4m7!3m6!1s0x390feda92aa6c25f:0x233b4f5975cf9a64!8m2!3d30.7276383!4d76.7740994!16s%2Fg%2F11mxn1b1xl!19sChIJX8KmKqntDzkRZJrPdVlPOyM,,No website found,,1.0,1,Hospital,"PQHF+3J5, Sector 21D, Sector 21 D, Sector 21, Chandigarh, 160022, India",,"https://www.google.com/maps/search/hospitals+in+chandigarh/@30.6964533,76.7291042,11z?entry=ttu",,
New Lifeline Hospital,https://www.google.com/maps/place/New+Lifeline+Hospital/data=!4m7!3m6!1s0x390fef73d85b5ccf:0x4edeed197444bd0c!8m2!3d30.6680584!4d76.8138227!16s%2Fg%2F11n75j8xvw!19sChIJz1xb2HPvDzkRDL1EdBnt3k4,https://newlifelinehospital.in/,Data found,,3.7,117,Hospital,"NH-22, Ambala Chandigarh Road Near Ramada Plaza by Wyndham Chandigarh Zirakpur, Sahibzada Ajit Singh Nagar, Punjab 140603, India",+91 98141 04203,"https://www.google.com/maps/search/hospitals+in+chandigarh/@30.6964533,76.7291042,11z?entry=ttu",webmaster@newlifelinehospital.in,
IVY Hospital Mohali,https://www.google.com/maps/place/IVY+Hospital+Mohali/data=!4m7!3m6!1s0x390feff6924d7055:0x6f2d60fadafb0b2b!8m2!3d30.706837!4d76.7081236!16s%2Fg%2F11pf0cdtzs!19sChIJVXBNkvbvDzkRKwv72vpgLW8,https://ivyhospital.com/,Data found,,4.5,2063,Private hospital,"IVY Hospital Mohali, Sector 71, Sahibzada Ajit Singh Nagar, Punjab 160071, India",+91 62395 02002,"https://www.google.com/maps/search/hospitals+in+chandigarh/@30.6964533,76.7291042,11z?entry=ttu",,+916239502002
Shri Dhanwantry Ayurvedic College and Hospital,https://www.google.com/maps/place/Shri+Dhanwantry+Ayurvedic+College+and+Hospital/data=!4m7!3m6!1s0x390fec4338d93a8b:0x3e14789843b098e5!8m2!3d30.6998269!4d76.7672516!16s%2Fg%2F11c0vqfgl0!19sChIJizrZOEPsDzkR5ZiwQ5h4FD4,https://www.sdach.ac.in/,No data found,,3.8,173,Hospital,"77, Chandi Path, 46B, Sector 46, Chandigarh, 160047, India",+91 77107 78822,"https://www.google.com/maps/search/hospitals+in+chandigarh/@30.6964533,76.7291042,11z?entry=ttu",,
Government homeopathic and ayurvedic dispensary,https://www.google.com/maps/place/Government+homeopathic+and+ayurvedic+dispensary/data=!4m7!3m6!1s0x390feda6f246859d:0xf4633b44a4940f7a!8m2!3d30.6960868!4d76.7676454!16s%2Fg%2F11j3wwsrlp!19sChIJnYVG8qbtDzkReg-UpEQ7Y_Q,,No website found,,3.3,19,Hospital,"MQW9+C3J, Sector 47 D, Sector 47, Chandigarh, 160047, India",,"https://www.google.com/maps/search/hospitals+in+chandigarh/@30.6964533,76.7291042,11z?entry=ttu",,
Motherhood Hospital,https://www.google.com/maps/place/Motherhood+Hospital/data=!4m7!3m6!1s0x390fef2aaa0ff471:0x3cec17351a1da881!8m2!3d30.6993206!4d76.7272792!16s%2Fg%2F11k3qn3rrb!19sChIJcfQPqirvDzkRgagdGjUX7Dw,https://www.motherhoodindia.com/locations/mohali/,Data found,,4.8,887,Hospital,"Cosmo MSH Building, Sector 62, Sahibzada Ajit Singh Nagar, Punjab 160062, India",+91 84948 00093,"https://www.google.com/maps/search/hospitals+in+chandigarh/@30.6964533,76.7291042,11z?entry=ttu",writetous@motherhoodindia.com,8494800093
Dolphin IVF & laparoscopy centre,https://www.google.com/maps/place/Dolphin+IVF+%26+laparoscopy+centre/data=!4m7!3m6!1s0x390fec1544766d6f:0xebdced480026b5e0!8m2!3d30.712274!4d76.770298!16s%2Fg%2F11bbrkx39r!19sChIJb212RBXsDzkR4LUmAEjt3Os,http://www.dolphinivf.com/,No data found,,5.0,1,Hospital,"landmark hospital, Sector 33C,, Chandigarh, 160033, India",+91 79867 53988,"https://www.google.com/maps/search/hospitals+in+chandigarh/@30.6964533,76.7291042,11z?entry=ttu",,
State Tuberculosis Cell,https://www.google.com/maps/place/State+Tuberculosis+Cell/data=!4m7!3m6!1s0x390fedb3751c3ba1:0x9f005b7d4667dd7a!8m2!3d30.7207923!4d76.7638336!16s%2Fg%2F1q5ccdns1!19sChIJoTscdbPtDzkRet1nRn1bAJ8,http://tbcindia.nic.in/,Data found,,,,Government hospital,"Parivar Kalyan Bhawan, Sub. City Center, Sector 34A, Sector 34, Chandigarh, 160022, India",,"https://www.google.com/maps/search/hospitals+in+chandigarh/@30.6964533,76.7291042,11z?entry=ttu",,1800-11-6666
"Shuddhi Hiims (Derabassi, Chandigarh) Ayurveda Panchakarma Integrated Hospital (On Panel NABH)","https://www.google.com/maps/place/Shuddhi+Hiims+%28Derabassi,+Chandigarh%29+Ayurveda+Panchakarma+Integrated+Hospital+%28On+Panel+NABH%29/data=!4m7!3m6!1s0x390fbf8d94000001:0x1502a7f0832f32d8!8m2!3d30.5656927!4d76.8342003!16s%2Fg%2F11s95kzlpj!19sChIJAQAAlI2_DzkR2DIvg_CnAhU",https://hiims.in/#utm_source=google_search_gmb&utm_medium=google_business_profile&utm_campaign=gmb&utm_term=location_based,Data found,,3.9,549,Hospital,"Pind Devinagar, Opposite side Of Haldiram, Back Side Of Jugraj Dhaba Chandigarh Delhi, Highway, Dera Bassi, Chandigarh, Punjab 140507, India",+91 82704 82704,"https://www.google.com/maps/search/hospitals+in+chandigarh/@30.6964533,76.7291042,11z?entry=ttu",custcare@jeenasikho.co.in,8270482704
Dr Manish Singla Best Nephrologist,https://www.google.com/maps/place/Dr+Manish+Singla+Best+Nephrologist/data=!4m7!3m6!1s0x390fec4682cf51e5:0x2dc2471bb447e789!8m2!3d30.703207!4d76.762393!16s%2Fg%2F11c71pkx3q!19sChIJ5VHPgkbsDzkRiedHtBtHwi0,http://drmanishsingla.in/,No data found,,5.0,37,Private hospital,"Kuc hospital, 46A, Sector 46, Chandigarh, 160047, India",+91 98723 25087,"https://www.google.com/maps/search/hospitals+in+chandigarh/@30.6964533,76.7291042,11z?entry=ttu",,
Amar Hospital | Best Multi-Speciality Hospital in Chandigarh Mohali,https://www.google.com/maps/place/Amar+Hospital+%7C+Best+Multi-Speciality+Hospital+in+Chandigarh+Mohali/data=!4m7!3m6!1s0x390fef4909a37a57:0x872e563110097d9f!8m2!3d30.6962567!4d76.7165493!16s%2Fg%2F11ls2h8zjf!19sChIJV3qjCUnvDzkRn30JEDFWLoc,https://amarhospital.net/,No data found,,4.7,525,Hospital,"Mattaur Rd, Sector 70, Sahibzada Ajit Singh Nagar, Punjab 160071, India",+91 62629 99943,"https://www.google.com/maps/search/hospitals+in+chandigarh/@30.6964533,76.7291042,11z?entry=ttu",,
Cheema Medical Complex,https://www.google.com/maps/place/Cheema+Medical+Complex/data=!4m7!3m6!1s0x390fee6235ee6d1b:0x593d012f550cabc6!8m2!3d30.7159055!4d76.7178905!16s%2Fg%2F1tdyzbc5!19sChIJG23uNWLuDzkRxqsMVS8BPVk,http://www.cmcmohali.com/,Data found,,4.3,989,Private hospital,"Mohali Stadium Rd, near BSNL Telephone Exchange, Phase 4, Sector 59, Sahibzada Ajit Singh Nagar, Punjab 160059, India",+91 80549 22340,"https://www.google.com/maps/search/hospitals+in+chandigarh/@30.6964533,76.7291042,11z?entry=ttu",cmchospital@gmail.com,90726-90726
J.P Hospital,https://www.google.com/maps/place/J.P+Hospital/data=!4m7!3m6!1s0x390feb4a26356e0b:0x35aba37214a0506a!8m2!3d30.6613145!4d76.8183787!16s%2Fg%2F1tznkr7n!19sChIJC241JkrrDzkRalCgFHKjqzU,https://jphospitals.in/,Data found,,4.8,5179,Private hospital,"NH 21, Zirakpur - Chandigarh Highway, Under Flyover, Panchkula, Chandigarh Rd, Zirakpur, Punjab 140603, India",+91 77173 05050,"https://www.google.com/maps/search/hospitals+in+chandigarh/@30.6964533,76.7291042,11z?entry=ttu",hospital@jpsingla.com,(+91) 7717 30 14 35
Command Hospital,https://www.google.com/maps/place/Command+Hospital/data=!4m7!3m6!1s0x39125da874435b1d:0xfabb429f1cbacc18!8m2!3d30.7123982!4d76.8543393!16zL20vMGczZm1j!19sChIJHVtDdKhdEjkRGMy6HJ9Cu_o,,No website found,,4.1,570,Military hospital,"Chandimandir Cantonment, Panchkula, Haryana 134114, India",+91 1800 11 2526,"https://www.google.com/maps/search/hospitals+in+chandigarh/@30.6964533,76.7291042,11z?entry=ttu",,
"A.I.I.M.S , Chandigarh (Proposal)","https://www.google.com/maps/place/A.I.I.M.S+,+Chandigarh+(Proposal)/@30.7911868,76.7537676,17z/data=!3m1!4b1!4m6!3m5!1s0x390ff3a71001a7f1:0x150c7e6445f0dd2d!8m2!3d30.7911868!4d76.7537676!16s%2Fg%2F11r9w8hqcw",,No website found,,1.0,1,Hospital,"QQR3+FGC, Kurali Chandigarh Rd, DLF Mullanpur, Chandigarh, Punjab 160014, India",,"https://www.google.com/maps/search/hospitals+in+chandigarh/@30.6964533,76.7291042,11z?entry=ttu",,
Sarhind Orthopaedic Multispeciality Medical Centre,https://www.google.com/maps/place/Sarhind+Orthopaedic+Multispeciality+Medical+Centre/data=!4m7!3m6!1s0x390fedadf15ec919:0x961252157909b227!8m2!3d30.7134045!4d76.7688277!16s%2Fg%2F11d_7zld2v!19sChIJGcle8a3tDzkRJ7IJeRVSEpY,https://www.facebook.com/Sarhind-Orthopaedic-Multispeciality-Medical-Centre-1176087339162705/,No data found,,4.5,28,Orthopedic clinic,"SCO No. 23, Sector, 33D, Sector 33, Chandigarh, 160047, India",+91 99155 61211,"https://www.google.com/maps/search/hospitals+in+chandigarh/@30.6964533,76.7291042,11z?entry=ttu",,
SAGE HOSPITAL,https://www.google.com/maps/place/SAGE+HOSPITAL/data=!4m7!3m6!1s0x390ff01e366f6695:0xae0c03f549c85522!8m2!3d30.7545857!4d76.676369!16s%2Fg%2F11r9t7h2z4!19sChIJlWZvNh7wDzkRIlXISfUDDK4,http://sagemediclinic.com/index.php,Data found,,4.0,65,Hospital,"Plot No 1, Sector 123, Sunny Enclave, Sahibzada Ajit Singh Nagar, Sihanpur, Punjab 140301, India",+91 95015 35353,"https://www.google.com/maps/search/hospitals+in+chandigarh/@30.6964533,76.7291042,11z?entry=ttu",ivfsage@gmail.com,+91 95015 35353
Hope Clinic & Maternity Centre Pvt.Ltd,https://www.google.com/maps/place/Hope+Clinic+%26+Maternity+Centre+Pvt.Ltd/data=!4m7!3m6!1s0x390feeaf44e7f441:0xd2725095532305a2!8m2!3d30.7574309!4d76.6775952!16s%2Fg%2F1tjyr_k3!19sChIJQfTnRK_uDzkRogUjU5VQctI,,No website found,,3.8,53,Hospital,"SCO 1066-1067 Aerodale Market, New, Sector 123, Sunny Enclave, Sahibzada Ajit Singh Nagar, Punjab 140301, India",+91 94651 09935,"https://www.google.com/maps/search/hospitals+in+chandigarh/@30.6964533,76.7291042,11z?entry=ttu",,
HealthFinder,https://www.google.com/maps/place/HealthFinder/data=!4m7!3m6!1s0x390fedd4cabbd83f:0x86a6bfd87e3ff9da!8m2!3d30.6962237!4d76.7923699!16s%2Fg%2F11tn5ccvk4!19sChIJP9i7ytTtDzkR2vk_fti_poY,http://healthfinder.in/,Data found,,,,Medical Center,"Plot 25, Industrial Area Phase II, Chandigarh, 160002, India",+91 77400 33771,"https://www.google.com/maps/search/hospitals+in+chandigarh/@30.6964533,76.7291042,11z?entry=ttu",info@healthfinder.in,
Neo Hospital,https://www.google.com/maps/place/Neo+Hospital/data=!4m7!3m6!1s0x390fef06ebb49791:0x29ebafadec93b0e5!8m2!3d30.7207583!4d76.6527498!16s%2Fg%2F11h2qtnqz4!19sChIJkZe06wbvDzkR5bCT7K2v6yk,,No website found,,4.5,8,Hospital,"PMC3+835, Prime City, opposite Maa Ambika Devi Mandir Landran Road, Kharar (Mohali, Kharar, Punjab 140301, India",+91 98536 20009,"https://www.google.com/maps/search/hospitals+in+chandigarh/@30.6964533,76.7291042,11z?entry=ttu",,
Phoenix Hospital,https://www.google.com/maps/place/Phoenix+Hospital/data=!4m7!3m6!1s0x390d1854c0000001:0xf0db78cbd9019d02!8m2!3d30.6958086!4d76.8381576!16s%2Fg%2F1tg6nhz2!19sChIJAQAAwFQYDTkRAp0B2ct42_A,http://www.phoenixhospitalindia.com/,No data found,,4.2,176,Hospital,"SCO 8, Sector 16,, Panchkula, Haryana 134109, India",+91 172 505 4321,"https://www.google.com/maps/search/hospitals+in+chandigarh/@30.6964533,76.7291042,11z?entry=ttu",,
Sohana Hospital,https://www.google.com/maps/place/Sohana+Hospital/data=!4m7!3m6!1s0x390feee61e99e667:0x3fabe7f5484f0762!8m2!3d30.6931852!4d76.6987275!16s%2Fg%2F1vyn27ln!19sChIJZ-aZHubuDzkRYgdPSPXnqz8,https://www.sghshospitals.com/,Data found,,4.4,4518,Private hospital,"Super Specialty Hospital, SH12A, Akal Ashram Colony, Sector 77, Sahibzada Ajit Singh Nagar, Punjab 140308, India",+91 172 313 1313,"https://www.google.com/maps/search/hospitals+in+chandigarh/@30.6964533,76.7291042,11z?entry=ttu",info@sghshospitals.com,8725001155
Bhardwaj Heart Care,https://www.google.com/maps/place/Bhardwaj+Heart+Care/data=!4m7!3m6!1s0x390fedd00006d2f9:0xe018f3b413755d9b!8m2!3d30.7094775!4d76.7731754!16s%2Fg%2F11jdcvhs8d!19sChIJ-dIGANDtDzkRm111E7TzGOA,,No website found,,4.4,27,Heart hospital,"S.C.O, 365, Sector 32D, Sector 32, Chandigarh, 160030, India",,"https://www.google.com/maps/search/hospitals+in+chandigarh/@30.6964533,76.7291042,11z?entry=ttu",,
City Hospital - ayurvedic gynaecologist in chandigarh tricity,https://www.google.com/maps/place/City+Hospital+-+ayurvedic+gynaecologist+in+chandigarh+tricity/data=!4m7!3m6!1s0x390fbfe3fa76af99:0x62ca0ff533fee5ea!8m2!3d30.585328!4d76.84278!16s%2Fg%2F11gdz09177!19sChIJma92-uO_DzkR6uX-M_UPymI,,No website found,,3.8,102,Hospital,"Issapur Rd, Vishwakarma Colony, Mohan Nagar, Dera Bassi, Punjab 140507, India",,"https://www.google.com/maps/search/hospitals+in+chandigarh/@30.6964533,76.7291042,11z?entry=ttu",,
Santokh Klinics,https://www.google.com/maps/place/Santokh+Klinics/data=!4m7!3m6!1s0x390fed004765f131:0x9b7116c65148d505!8m2!3d30.742974!4d76.7448525!16s%2Fg%2F11j7kdm0f3!19sChIJMfFlRwDtDzkRBdVIUcYWcZs,http://www.santokhklinics.in/,Data found,,4.8,438,Hospital,"SCO 77, Sector 38C, Market, Chandigarh, 160036, India",+91 85588 66846,"https://www.google.com/maps/search/hospitals+in+chandigarh/@30.6964533,76.7291042,11z?entry=ttu",hospital@santokh.in,8 55 88 66 846
Pristyn Care,https://www.google.com/maps/place/Pristyn+Care/data=!4m7!3m6!1s0x390fed2ec7fec0a5:0x9a97ca2b69549474!8m2!3d30.733101!4d76.775203!16s%2Fg%2F11hf3659wd!19sChIJpcD-xy7tDzkRdJRUaSvKl5o,https://clinics.pristyncare.com/pristyn-care-pristyn-care-sector-22-obstetrician-gynecologist-sector-22-chandigarh-78633/Home?utm_source=locator&utm_medium=googleplaces,No data found,,4.5,434,Medical Center,"1599, Sector 22B, Sector 22, Chandigarh, 160022, India",+91 63665 27923,"https://www.google.com/maps/search/hospitals+in+chandigarh/@30.6964533,76.7291042,11z?entry=ttu",,
Kidney Transplant Chandigarh Hospital - Best Nephrologist Chandigarh - Dr. Raka Kaushal & Dr. Avinash Srivastava -,https://www.google.com/maps/place/Kidney+Transplant+Chandigarh+Hospital+-+Best+Nephrologist+Chandigarh+-+Dr.+Raka+Kaushal+%26+Dr.+Avinash+Srivastava+-/data=!4m7!3m6!1s0x390feff957a8ea85:0x275e99d1af757379!8m2!3d30.7068058!4d76.7081839!16s%2Fg%2F11kkvpb7yz!19sChIJheqoV_nvDzkReXN1r9GZXic,https://kidneytransplantchandigarh.com/,No data found,,4.9,57,Private hospital,"IVY Hospital Mohali, Sector 71, Sahibzada Ajit Singh Nagar, Punjab 160071, India",+91 98880 89761,"https://www.google.com/maps/search/hospitals+in+chandigarh/@30.6964533,76.7291042,11z?entry=ttu",,
Mirchia's Laser Eye Clinic,https://www.google.com/maps/place/Mirchia%27s+Laser+Eye+Clinic/data=!4m7!3m6!1s0x390fed52b3f809c1:0x37cfafda87e02a89!8m2!3d30.7375699!4d76.7755586!16s%2Fg%2F1tfzvwpf!19sChIJwQn4s1LtDzkRiSrgh9qvzzc,https://www.dragarwal.com/eye-hospital/sector-17-chandigarh/?utm_source=locator&utm_medium=googleplaces,Data found,,4.3,786,Hospital,"No SCO 833 & 834 Sector 22A, opposite Parade Ground, Sector 17, Chandigarh, 160022, India",+91 95949 24434,"https://www.google.com/maps/search/hospitals+in+chandigarh/@30.6964533,76.7291042,11z?entry=ttu",info@dragarwal.com,9594924026
Max Super Speciality Hospital,https://www.google.com/maps/place/Max+Super+Speciality+Hospital/data=!4m7!3m6!1s0x390fff51686f4845:0x7a1c2d5fcb30c03d!8m2!3d30.9131343!4d76.5423415!16s%2Fg%2F11fpy_xgtj!19sChIJRUhvaFH_DzkRPcAwy18tHHo,http://maxhospitalindia.com/,Data found,,3.7,3,Hospital,"WG7R+7W4, Chandigarh Rd, near Civil Hospital, Phase 6, Sector 56, Sahibzada Ajit Singh Nagar, Behrampur Dhaha, Punjab 160055, India",+91 92053 10346,"https://www.google.com/maps/search/hospitals+in+chandigarh/@30.6964533,76.7291042,11z?entry=ttu",digitalquery@maxhealthcare.com,+91 9205310346
Dr. Praveen Taneja,https://www.google.com/maps/place/Dr.+Praveen+Taneja/data=!4m7!3m6!1s0x390fedcee1cae9b9:0x4f88193707f62f83!8m2!3d30.724716!4d76.74934!16s%2Fg%2F11df6pfyqk!19sChIJuenK4c7tDzkRgy_2BzcZiE8,,No website found,,3.4,25,Hospital,"0172 - 2668768, 1203, Jan Marg, 42B, Sector 42, Chandigarh, 160036, India",+91 172 266 8768,"https://www.google.com/maps/search/hospitals+in+chandigarh/@30.6964533,76.7291042,11z?entry=ttu",,
Paras Hospitals - Panchkula,https://www.google.com/maps/place/Paras+Hospitals+-+Panchkula/data=!4m7!3m6!1s0x390f938586ca7971:0xa5d4bd55f0ce98fa!8m2!3d30.6930752!4d76.8834028!16s%2Fm%2F0h68fky!19sChIJcXnKhoWTDzkR-pjO8FW91KU,https://www.parashospitals.com/india/paras-hospitals-panchkula,Data found,,4.7,7805,Hospital,"Paras Hospitals, near Nada Sahib Gurudwara, Sector 22, Panchkula, Nada Sahib, Haryana 134109, India",+91 80 3535 8706,"https://www.google.com/maps/search/hospitals+in+chandigarh/@30.6964533,76.7291042,11z?entry=ttu",contact.panchkula@parashospitals.com,0172-5294444
ACE Heart & Vascular Institute- Best Cardiology/Heart Treatment Hospital in Chandigarh Mohali,https://www.google.com/maps/place/ACE+Heart+%26+Vascular+Institute-+Best+Cardiology%2FHeart+Treatment+Hospital+in+Chandigarh+Mohali/data=!4m7!3m6!1s0x390fee97692c838f:0x1262053f2688b7ac!8m2!3d30.6949846!4d76.7213061!16s%2Fg%2F1vp724y_!19sChIJj4MsaZfuDzkRrLeIJj8FYhI,http://www.aceheartinstitute.com/,Data found,,4.4,184,Heart hospital,"Ace Heart & Vascular Institute, Shivalik Hospital Premises, Sector - 69, Sahibzada Ajit Singh Nagar, Punjab 160062, India",+91 90413 86868,"https://www.google.com/maps/search/hospitals+in+chandigarh/@30.6964533,76.7291042,11z?entry=ttu",help@aceheartinstitute.com,+91 9041386868
Eye clinic,https://www.google.com/maps/place/Eye+clinic/data=!4m7!3m6!1s0x390fed5bf0101ab1:0x9e02e6f6a2a9a61e!8m2!3d30.747495!4d76.7661973!16s%2Fg%2F11n09tr81k!19sChIJsRoQ8FvtDzkRHqapovbmAp4,,No website found,,5.0,1,Hospital,"Bharat Vikas Parishad, 24B, Sector 24, Chandigarh, 160036, India",,"https://www.google.com/maps/search/hospitals+in+chandigarh/@30.6964533,76.7291042,11z?entry=ttu",,
Chandigarh multispecialtiy Hospital,https://www.google.com/maps/place/Chandigarh+multispecialtiy+Hospital/data=!4m7!3m6!1s0x390fffb8da9d8519:0x544aa6bf66d0da9c!8m2!3d30.9040733!4d76.5474524!16s%2Fg%2F11sb7th00r!19sChIJGYWd2rj_DzkRnNrQZr-mSlQ,,No website found,,4.7,15,Private hospital,"Gurdwara, Raje Majra, Chandighar Ropar road, NH205, opp. Solkhian, Punjab 140108, India",+91 188 129 1210,"https://www.google.com/maps/search/hospitals+in+chandigarh/@30.6964533,76.7291042,11z?entry=ttu",,
Heart Care Centre,https://www.google.com/maps/place/Heart+Care+Centre/data=!4m7!3m6!1s0x390fedc82fffffff:0xbb382e474763ba56!8m2!3d30.7339224!4d76.7527454!16s%2Fg%2F1tkbwm2w!19sChIJ____L8jtDzkRVrpjR0cuOLs,,No website found,,,,Hospital,"36A, Sector 36, Chandigarh, 160036, India",+91 172 261 1183,"https://www.google.com/maps/search/hospitals+in+chandigarh/@30.6964533,76.7291042,11z?entry=ttu",,